Id,Sentiment,Comment
1,negative,username tolol gak hubung nya gugur dgn pake hijab syar i yg lo bilang bayi nya panas dalem gak hubung nya woyyyy otak jempol lo gak singkron sih ya nulis komentar
2,negative,geblek lo tatacowo bgt dibela2in balikanhadewwntar tinggal lg nyalahin tuh cowopadahal kitenya yg oon
3,negative,kmrn termewek2 skr lengket lg duhhh labil bgt sih mbak kya abege ajah ato yg kmrn cari sensasi biar top markotoppp ertong gk kualitas
4,negative,inti kesel att nya gausah anak kasi kembang psikis anak depan orang bener bener tolol skrg anda anak anak dikatain orang benci gimana asa  benci tau batesnya  nama manusia gaakan suka haters
5,negative,hadewwwww permpuan lgsakit jiwaknp yg jd peran utama film hantu jeruk purutky khabis stok artis ja
6,negative,pantesan tinggalin laki ya laki mikir kali perempuan kayagni ngurus aja gak becus gimana ngurus anak mending anak bapake nya aja bener didik
7,negative,biasa balajaer nyampah d ig artissuka2 yg ig bikin caption apakok balajaer yg heboh asik ceramahin yg igtar lama2 d bikinin lagu sm teh melly loh balajaer yg berjudulketika balajaer bersabdademi seonggak koin laknat nyabalajaer ngamuk iya banget koin laknat nya jd goda d rt nya gigiduh elah balajaer smua tau kale laku biduan lo kek apaminus segala2nyalagi d bela mati2anpd sakit jiwa
8,negative,krn rakyat indonesia bodoh tdk beda yg yg buruk sdh tau prilaku buruk tdk tau sopan santun yg pilih jd panutan idola yg murah dr pd yg kelas ber etika
9,negative,ayu janda bego pny suami kpn nikah lagi
10,negative,anyiennnnggg suara ancur banget merdu tukang goreng
11,negative,syarat sah nikah agama islam 5  cpp cpw saksi wali nikah mas kawin mahar perkara makeup gak manglingi syarat sah nikah gak makeup syarat yg 5 penuh nikah sah yak emak emak julids
12,negative,cewek gatau nih ngerebut pacar org udh abang yg ngedukung sifat jelek lg ckck
13,negative,username eh situ kids jaman now ya banyak micin mna yg ngina bego pelihara
14,negative,jijik liat suer deh minceeee
15,negative,emang tabu cium gitu iya emang yg bikin eneg citra nya yg sok alim sok sok bijak sok sok yg lai anda citra sok alim sok suci serius
16,negative,yg jd 1 cium dpn org bnyk yg sih malu kecuali mgkn lg mabok jd gak malu 2 teman helooow teman tdk libat cium bibir coba aja bayangin sanggup gak cium bibir ma teman lbh dr teman dasar laku kids jaman now yg emg bego krn banyak micin lho yah
17,negative,anjing nya ngamukhidup dmana2 pny musuhudh kliatan mna yg bukanorg ga pny byk musuh
18,negative,username ahhh jaga ucap lahh ucap ngk jaga dasar munafik dasar betina zaman now ellu kali yangg lebih micin loe otak loe selangkang paham moga tuhan ampunin munafik loe cun
19,negative,username yaa ampun upil naruto kata2nya cermin klo yg pecunpengalaman banget lu yaa kesi gua prihatin mati aj deh lu ngotorin dunia manusia kau
20,negative,cuman jual goyang yak suara taik
21,negative,kasi ih nyari uang sampe segitunya
22,negative,anjir tonton yg mutu
23,negative,dlu inul goyang ngebor baju ketat dcekal hrs ny ni jg dg sgja goyang dada mulu suara ga sbrpa mrsk moral ank muda yg nnton bawa nafsu aja
24,negative,pnyanyi dangdut yg ga kelas bgini nih bukan y nonjolin suara nonjolin dada
25,negative,najis najis udh homo aja org kaya gin musnah muka bumi
26,negative,haduuh orang gak akhlak bangeg asa kerja antem mulu musuh
27,negative,s lonte bkn sensasi ngjak ribut org mulu sampah
28,negative,kayak banci dh nenek2 pny cucu  mw operasi mua top ttp aj klo asli ny g cantik dlm
29,negative,bagus kalo mingkem aja hahahahahaha jahat akuuu
30,negative,oplas permak tetep jelek pokok muka tegang kek banci udah sekian
31,negative,mending liat dek molen biarpun cowok tp cuantik gak kaya cewe tp kayak bencong wkwkwk
32,negative,bencong rombengmenjijikangay jg
33,negative,orang gila  ken hitz cri tenar rela penjara cari sensasi settingan beken smpe hina2 org astagfirullah kaya sih org kaya mulut nya ky sampahga sekolah ya
34,negative,cowok anjing cuihhh orang kaya koar gua orang ping kaya seduniakarena orang tau klo orang kaya orang kaya malahn perilaku orang sederhana pamer kaya dunia akhirat mampus lu harta kagak bawa mati pants buang laut lu orang anehhh
35,negative,cari sensasi tenar trus banya folowers nya gak gt gt jg kalee darar orang tres ngomong aja belepotan gk gt kamfungan
36,negative,ngomong aja belepotan gaya lu bencong
37,negative,orang banyak makan taik ya giniotaknya udah penuh taik jdi gak berfikir positifdari bicara aja gak bermoraldasar kaum2 laknat banci anjing kbanyakan burit sih lo jdi stresmanusia ogah jumpa lo anjingcuma anjing yg ketemu lo taik
38,negative,sikat abiss lahh orng2 sial kaya gin pimpin negara gak hormatin jgn mentang2 president sembarangin marah gak hina pimpin harap tindak hukum orng ini
39,negative,jijik banget lihat tingkah si upil mudah2an cepat tidur
40,negative,edan nih orang udh makan uang rakyat tidur
41,negative,manusia laknat mati apain ya
42,negative,sakit otak hati mah udah gak nurani urat malu pajak loh ngegaji orang2 gila hormat
43,negative,anak babi bangsat ken sumpel timah panas congor lu biar modar
44,negative,ken sumpel timah panas congor si anak babi pesek buruk rupa
45,negative,hey anak bangsat babi pesek buruk rupa keritingpengen penggal leher lu sampe putuslumayan makan buaya
46,negative,ratu pelakor jagat raya dimana2 lonte ya gak malu yg ngerasa lonte tolong malu dikit
47,negative,mahhhh temu buah ranum buah busuk dah tau yg busuk yg manah mentok2nya mah gitu aja kalo pelakor
48,negative,ah manda mah gatel ga liyat cowo dikit lgsg sosor begok aje yg ama manda  kegatelan cewe
49,negative,si amanda muka tante umur tp muka boros banget  dasar cabe  jujur gua mah kgk suka ama ni haltis
50,negative,astagah demen ama cewek dekil mel nagita turun att nagita kaya emas att kaya barlen
51,negative,alah laki laki jaman skrg sm aja bejat ustad kek kek gila bgt sm perempuan yg istri stju bgt sm yg blg ustazah  username  msuk surga bkan krna poligami msh bnyk yg bs jd akhlak bs masuk surga yaa smoga aja sih perempuan perempuan pelakor luar sna azab yg gak ampun hidup gk selamat dunia akhirat
52,negative,gilaaaaa pelakor bnget laki2 gatal alas poligam woiii mikir pake otak haduh pikir org pintar tau agama buruk allah uji setia nafsu eh kaya gtu sakit istri sja tutup pintu rejekimu anak istri kau korban sbg seorg imam keluarga gagal mmpertahankan rmh tangga coreng nama nya sndiri smua org suka skrg benci m
53,negative,biasa kalo pelakor lbh ancur muka istri sah barang bagus cepat laku pelakor jelek nggak laku ngembat laki orang ya udah sama2 gatel cocok wes  username
54,negative,lama2 ilfil deh sm ni ertong caption ig story nya ngomongin org mlu org jd ambigu nilai si a si b si c udah gt kaya zholimi salahinnya lawan jgn ngmg status ah nya dewasa
55,negative,username pikir manusia bodoh eehhh tante ibu oma empo otak lu picik bngt ya jga manusi larang emang dunia orang larang ngungkapin unek2 stupid human
56,negative,heran deh yg ngatain si via baperan ya wajar dese baper udin muak orang yg munafik sok dese kabar yg baperan laki orang  ga nyadar tuh puja att gotong royong nasehatin att gila muja att mojokin viaa dese manusia les ahh
57,negative,username yg komen via nyinyir mulu duh kyak gak nyinyirin orang aja parah kalo org sok bener mah gitu pdhal media sosial hak instagram instagram yg nyinyir gak pake ig s
58,negative,username pikir manusia bodoh eehhh tante ibu oma empo otak lu picik bngt ya jga manusi larang emang dunia orang larang ngungkapin unek2 stupid human
59,negative,username nya ngatain org  nyindir netijen goblog banyak masyako
60,negative,username didik ortunya nagita bagus heran dg balajaer nagita yah yg rugi sm junjunganny knp yg benci bodoh bgt asli
61,negative,username pdhl km kampung lohpake kerudung mulut cuihh
62,negative,belajaer tuh ya hahahaha bela artis ampe begitu manusah2 begoh
63,negative,username iya norak kampyuung coba liat artis adem ayem liat isyana liat agnezmo liat mba liaaat liat aja coba telaah deh kasih tau contoh artis better eh jawab ya cocok la
64,negative,username gak sok high class mba liat komenmu artis beda2 mbak yg suka curhat ig yg curhat temen yg curhat tuhan ngak trus mulut situ maju otak mikirnya yg curh
65,negative,username goblok gak netizen yg kontra sm postingan si via bakajaer kali mba mas ih goblok piara lol
66,negative,sih emg artis ko artis indo ny ngurus prestasi sosmed ny mulu isi nya jd jatoh nya kampung
67,negative,username aj kn y mba kaya agnes mo bnyk harga ny tp g kampung beda am yg
68,negative,munafik bgt yg ngomong curhat sosmed kampung gua elu kitu keleusss wkkwkww mending mba via artis cantik bs nyanyi la elu lbh kampung wkwkwkwkw
69,negative,username wawan zzzzz emng artis ga tmn dikit dikit att hahaha curhat sosmed kampung
70,negative,lemes ya mulut berani ststus udah gitu tulis sengaja biar ga baca takut kali labrak mmmm artis kampung sih ya wajar ya
71,negative,username main main jawa timur biar ga begok
72,negative,username nya ngatain org  nyindir netijen goblog banyak masyako
73,negative,username udah nunjukin karya situ pny karya karya nyinyir hidup via tolol
74,negative,username bilang gw fansnya via duh nantangin gw nih org anak tolol ank alay jablay
75,negative,username yutub ya mba aplikasi ya sy tau youtube mba gak tau ya seseorg bs dpt hasil salah satu dr youtube loh mreka jg bayar klo bnyk yg ntn video mreka sekolah yg bener deh mba biar pinter generasi muda
76,negative,gue suka gangerti deh yaa kalo via vallen bikin status apa sangkut pautin ama att mulu att nya aja aja fansnya sih yg bikin jelek orang kalo sangkut pautin mulu jg lama gerah kali
77,negative,jujur aja ya ni org bagus kaga oplasada tu foto sblm dn oplasdioplas muka anehkyknya gagal oplasnya
78,negative,noraaak abiiis kebel emas az pamer aplg main berlian ciiinnnnn
79,negative,before and after pasca oplas ga ngefek ya tetep jelek n rem mukanyaahahahhaha
80,negative,salfok muka sumpah jelek oplas model failed
81,negative,norak bener gaet jahat
82,negative,najisapalagi d philipine bgt kalid aj banggajd usak moral ko bangganajis banget liatnyackp d aj komen nydia pngn ngetop lwt nitezerrrewkwkwkngarep laku
83,negative,gua bingung jujur media rebut ngeliput orang kayak cuman net doang media informasi waras
84,negative,jedun yg ga becus perempuan hormat ga becus perempuan cerdas ga becus perempuan yg cari suami sah suami orang ga becus perempuan yg hindar narkoba ga becus perempuan yg jaga nama keluarga moga perempuan yg kayak dunia ya jedun
85,negative,cewe yg bgni yg hrsnya gosong jd abu aja bakar pabrik yg lg viral kmrn tu bnr2 slain ga brguna gda otak cm modal ngangkang trs gebet laki org trs bangga btw klo emg instastory nya nyindir bin tua mah ehhh at least biar ga becus jd prewi tp becus cuii jd emak bukti anak nya bejibun trs smua pro emaknya drpd bapak
86,negative,hahahakasian yagak becus peremharus ngerebut laki orang biar kata perempuan dasar perempuan sadar ente cuy
87,negative,dasar artis abal abal enggk laku layar kacaudh enggk duit kere miskinjadi maen k dukun elmu pelet rebut suami org yg kaya
88,negative,ih becus makrum becus ngrebut suami orang hehe
89,negative,eeee si lacur situ becus jd brempuan emang becus sampah sih iya edeuuuuuh lonte lonte
90,negative,biarinpuas puasin mumpung deseu brasa muda ntar klo dah tua nyaho karma
91,negative,anak perempuan lho contohin jelek anak becus perempuan amit amit
92,negative,kaya becus aja jd permpuan yng g becus jd perempuan ko suka sm laki orng heheh
93,negative,yg gk becus tuh loh jedunhidup nya bisa ngerusak kbhgiaan org hidup serba mewah tp g krja mlh morotin laki orgkarma psti akn mnghampirimu
94,negative,gue gak suka sm ni orang idupnya banyak ribut
95,negative,dasar artis abal abal enggk laku layar kacaudh enggk duit kere miskinjadi maen k dukun elmu pelet rebut suami org yg kaya
96,negative,yg nama ny plagiat ya plagiat laku tp tetep ajah cipta dri hasil plagiatwkwkwkwk gua mah ogah dwngerin ajah udh pngen muntah
97,negative,dasar plagiat ga kreatipmemalukab bgt
98,negative,bego bilang apa yaaa lirik aja cinta gitu lagu bener2 tolol si ayu gapunya kuping y orang yg dipermasalahin nada
99,negative,pacar anggel pietrs kali cowok bocah  username yaelah jes terxta laku mu aja sprti ayuting2 hidup penuh drama murah
100,negative,japok gateeel emanguda main si mamadsampe si jessica dimusuhindeddy corbuzier aja jijik si japok semenjak nagita undang hitam putih nagita cerita panggungitu aja sih gue
101,negative,username malu buk ngomong pelakor emang ibuk udah pelakor ya tau ayu pelakor wkwkwkwkwk awas rumah tangga yg dimasukin pelakor anak pelakor
102,negative,kerdus mulut busukjangan sampah makan
103,negative,username tai loe gedein bagus pupuk jngan bacot loe goblok  nih cewek knpa bawa2 suku
104,negative,elo artis papan blenyek aja belagu artis kga populer sekalu hahaha
105,negative,anang muka nya kaya babiii gitu aja demenin jijikk
106,negative,ga suka ayu ting ting ga parah ngejudge nya hati otak manusia kurang lebih asa enak nya menjudge orang kaya udah sempurna aja lo  username
107,negative,ga pantes panggil ustadorg munafik ceramah org laku sndr aja menzolimi istri sah nya dgn poligami diam2kacian istri pertamanyaga tw malu istri hadeh klo yg msh manggil bwt ceramah nama bodo
108,negative,biadab klo anak lo bully gue mampusin ya
109,negative,dasar anjing tuh cowok org berani cowok one by one yg lemah dasar yah cowok2 jaman skrg casing doank cowok nyali nya lebih2 banci
110,negative,username iya kasi si micin usah produk micin iklan kalo masak tambah micin biar sedap netizen sudut mecin bodoh orang yg ganggu jiwa ngemil micin justiceformicin
111,negative,wahh jngn2 vidio lamakok baju norak bngtt ayuuterlihat murahaan
112,negative,username bego lo ya
113,negative,edit banget ya ampun si mommy lambe habis gosib ya si pelakor
114,negative,yah admin nya golong konsumsi mecin pil pcc otak lu rusak min
115,negative,org govlok yg prcya ayu slgkuh sma rafibuktinya rafi sma gigi skrg baek2 ajadan ktamu ayu pelakor suami yg d rebut woyy skrg ayu suami fikir pke otak mkanya jgn kbanyakan micin jdi govlok
116,negative,username hoy baris sakit hati  jijikk banget fans billy mah alhamdulillah bgt billy putus manusiaa buluk ituu yg tunggu lama2 akhiry putus kobil jg jijik ni orang v
117,negative,mba  username gak ngerasa cinlok babang anthony ketemu mana sih set boy alah ngaku ajaaa mba dumang cinlok sok2 bilang gak cinlok nama bodoh  wajar netizen bilang ratu cinlok nyata emang ya marah  resiko artis hahahhaa pinter2 ya mba cari alas hahahahaha
118,negative,username noh urus tu kuin lu biar ga gatel nempel2 ama laki orng masyarakat udh tau kali japok gundik janda gateludh nyata nya begtu anak sholehah agama nya kuat mata kuliah agama cma dpt 1katanya agama nya kuat tpi hamil
119,negative,username bilang tu kuin lu gesek grepe ama lakik orng ga malu udh hamil nikah kegatelan janda
120,negative,username please lo bela pelakorini hukum si muljem karna uda tega recut suami sahabat sendiridia jalan sanksi sosial valakor mesti benci karna biar ga valakor indonesiabiar musnah sem
121,negative,najis muakk jijik pelakor jijik
122,negative,moga pelakor2 kena karma moga karma yg tinggal istri yg bwrjuang dg dr nol tp sukses selingkuh sok jd kuasa istri ya
123,negative,sedih ya skrg ngamen kawin org  mantan istri mahhhh pesawat jet  bhay pelakor n botakbego
124,negative,username heeehh lo pelakornya yaaaakkk ngapa lo emosi situuu kenal gw kalo berani pake akun asli pantes pake akun bodong ngerebut laki orang diem2  ceplos yak pake bodong ngakak gueeee  lucu lo
125,negative,wkwkwkwk udh gak laku jd nyanyi dhajatan si lonte pelakor
126,negative,username wakakak cerita kyk gituu ajar aja jgn sampe ni swamik swamik milih pelakor drpd istri hancuuurr bookk ga bohong deh kere kismin nyungsep emang yg ngatur rezeki tu tuha
127,negative,cwenya yg bego cwonya yg pinter ya  emg laki kaya  macho gitu plus nya  kaya jago gombal  maennya gesit  ulala ngakakabis
128,negative,username yg bodoh ngapain keluarga depok komen org yg gak aja yg hidup gak bahagia yg suka hujat orang hidup artis ayu pengaruh emang dasar benci ayuklo
129,negative,username mah lihat yg main prasangka kayak eluelu haters kayak dukundukun titis dajjal  sok pinter otak kosong sorry ye gue bala nabi muhammad yg percaya klo udh ditunjukkin 4 saksi bukti klo
130,negative,mata ku sepet baca koment fans ubul empang minggir woy bikin rusuh aja nih jaer amis jijik sumpahsoal enji sm cewek ttp aja bala jaer nyampah bikin ribut
131,negative,sih si enji hart kah  males banget jijik laki model mah gak tanggung jwbnya ayu bunting tinggalin anak gak akuin skrg anak udh nongol bilqis cantek eh sampek bini nya ngeposting yg enji kangen anak najonggg jijik betoll dah deh min gak bahas laki hart aja gak panutan yg ambil  username
132,negative,username bego nya pede ngomong yg bilang bener bukti aja kaga liat pinter jatohnya bego
133,negative,bilang enji ganteng bebas slingkuh bego kali ganteng pala lu bau menyan gada ganteng ganteng nya banyak gaya kek mantan bini depok nya
134,negative,sebenarnye cocok enji att gateeeel hahah pantesan si tongtong temu dgn enji udh hukum alam klw jodoh cermin si entong hrsnya bekaca dgn biar sadar tp teryata otak 1 m tetep tahan jd skrg mlh guatelnye aja kek enji hah
135,negative,username oalaahhh aja pelakor  laki nya jg kegatelan tp nama laki kucing ksh ikan jaer gratis ya kga nolak wkwkkwkw
136,negative,laki2 ya sis suka pecun2 murah prempuan baik2 jilbab ato pintar enji2 downgrade sih dangdut kelas prempuan jilbab ehh milih pecun jelek selera
137,negative,motorninja aj songong mba org yg mobil lamborgini aj wae
138,negative,goblok  gua nonton kali kaget
139,negative,ga usa pake anjing babi  kalo gw bls gitu wkwk
140,negative,oh kemaren harga karya orang bilang jelek banget aduh penganten perempuan nya kenyang yah ampe kembung gitu perut nya pepuralugu
141,negative,percaya gimik raffi gigi dn attsehingga att serta keluarga hujad dn anak nydi hujad kesini tonton bodohin publik yg kasihan penghujad ga ayu ga pesbukers biar ngeluarkn album single artis hal nengri gimik yoo
142,negative,kalo bener gimmick bodoh banget si ayu rating n popularitas berani taruhin harga nilai buruk mata masyarakat
143,negative,susah otak diemvang mah bikin rusuh lapak orang
144,negative,najiiisss kayak si mba dese ga gitu ajaaa hahahahaha maling teriak maling ngaca buuuuuk
145,negative,username iyak kaa hahahahah geli bgt gasih att ih kampung abis
146,negative,joget bikin ngakakkk anjirrrr kampung banget  username  username
147,negative,bagus la gue otak gak kayak lu malu maluin mak lu aja tong akun asli pake tu yg nama bego  username
148,negative,yg bego mah elu sih yg ngasih contoh buruk anak  pake mata lo emg dugem bawa anak  bego sih -- jaman udah texas  gue jamin jam anak jga udh texas  selagi ga ngerugiin lo yaudah  sewot banget
149,negative,si wanita jahiliyah lesbi  skrg udh py pacar lg kasi anak kmrn ksh bencana slnya tega misahin anak dr nya ktakutan anak nya masuk islam pdhl bp nya g prnh nuntut anak peluk islam udh ksh nikmat anak 3 org msh aja begajulan
150,negative,username gw emang kador artis beneran komen lo tolol sumpah kenal nilai artis hahaha org indo jg tuju kalo kador artis tp celebgram dr kampung lo tau beda artis dg selebgra
151,negative,username hahahaaaa trs gue lo tolol pake nanya kador bencong ngga blm kenal wkwkwkwkw eh org jg nilai si kador bencong beneran dr gerak gerik melambay suara ngondek pake baju cewek nyaman cowok tu
152,negative,username maklumin shaaay fans gatis keras otak bebel realita jg ga terima hal nagita artis uda dr jaman eh bilang numpang tenar rapi mamadpdhl yg jadiin si mamad gede y ph n
153,negative,username bee idih najong lu tag2 org nimbrung aja kek mujaer lo ga kenal klo ga bawa2 nama ayu ting ting sm nagita duh bego piara kesi
154,negative,langsung bilang yg maksud klu gin nama munafik
155,negative,jedar emg muka 2 kali depan belakang busuk mulut kek banci cucoklah 2 banci tu
156,negative,amit amit deh orang jahat jilat bohong pelakor jijik banget
157,negative,wkwkwkwk ya allah ya tuhan ku knp org2 munafik ni tp sok suci mulan jamela ayu ting2 ngikuti jejak a wkwkwk  username
158,negative,dlu si pelakor yg sombong krn brhasil dapetin si botak smpe mnceraikan bunda mayaskrg hdp ny mkin anjlok bunda maya yg sring jelong2 kluarnegri
159,negative,hahhahaha sungguh allah swt laknat wanita rebut zina suami sah oranglain
160,negative,wlina2706 hemmmm capekmiskin sist skrg blik kere lg jd artis jg g laku dah karma tu  username dr sirik nyinyirin nyonya tuh bantuin jual cireng nya tuh cilok nya tuh untun libur monaco bromo trus
161,negative,kepo sm nyonyiah lu jongos  username emng tetehlu pas hamil peak udeh dinikahin  brojol anak br sirih emng lonteeeee kelas akun jamahliur junjung hehe
162,negative,eh jongos cba gue duluan yg nanya sm lu  emng nyonyiah gembar gembor udah nikah ada nyonyiah ngaku udeh nikah  dr tetehlu yg lonte perek brojol ngaku nikah siri sm laki nyonyiah hamidun sapeak anak ilegal dibilng fitna keji haha lonte tolak lupa xixix   username
163,negative,username gua currr ya bunmai sdh nikah tp janda janda suami nya rampas mulan jameelamenjijikkan banget ya mulan jameela sblm rmh tangga bunmai hancur sdh berani bilang dan suami aduha udh wanita be
164,negative,wlina2706  username lucu aja ya sist lonte bela2 mati2an guoblok pelihara bayar gt muljamban sampe bikin account  username maia nikah blm nikah urus situ nyinyir sirik nya
165,negative,yaela muljem kyak stu bner aja gag inget udh ngrusak kbhagian klwrga org bego d prtahanin y gin
166,negative,lakik doyan banci banci  kawinin banci jijik
167,negative,username comment yg lihat brp guna medsos yg bodoh bunyi situ sehat pakai hijab mas nyinyir aja
168,negative,username malu tuh kerudung sayang ibadah nya sholat aja drpd nyinyirin org dandan udh sok suci mulut nya kaya sampah
169,negative,username tolong baca arti dr comment udah kerdusbodoh lg bilangin org tua nya besok kalo masak pakai mecin jd udah kerdungab ga sesuai mulut besok makan salmon kalo g besok deliv rumah
170,negative,maaf muka jelek attitude nya burukspesialis plagiatdan tau
171,negative,orang otak ga sekolahin ya resiko udah upload sosmed ya dapet bincang netizen public figure ga otak
172,negative,artis kampung wkwk
173,negative,iyaaa gue pacar udah nikah gak norak eloo gak risih emang jgn aplod perhatiin followers lu yg lumayan tar bawa norak
174,negative,y ampun pnyanyi dangdut tenar songong bangt bacot pngn nyari sensasi kmpungan bangt deh amit amit bool ko d instastory
175,negative,waaaaoooosopan bahasami kelas  heeeehh yg repot ama hidup lu siapahh  elu live nampilin hal2 gak pentingyg nggilanikk menjijikkandiliat org ya pantes dikomenklo gak mw dikomen videoin pribadi aja nonton lu ama kluarga lu rmh nambah niy ertong yg gak pny attutude kampung
176,negative,norak sihkayak ga malunyakl bilang serah diaya udahsimpan fotonyagak bagi semua orang pamer kemanaresikolah nyinyir oranginsecure bangetkudu ya pamer2 gitu biar orang ngerti kl si mbak udh py pacar yg dipamer2 pantatnyakampung bgt
177,negative,koq marah sehhhdasar wanita kampung
178,negative,kampung artis yg numpang tenar gara2 muka katy perry doang
179,negative,susah kalo artis kampung
180,negative,ah min gue lama2 gak suka akun nih berita nya basi lo liat min si kellen amora dateng pake jingkrak2 lo saring min biar berita nya gak blunder lo posting tu kd udah posting videon kellen ma amora joget2 ma si arsya arsyi
181,negative,username iyakm bening lewat bening buluk ya mbak  mbak nelen apasih komen kaya gin surup
182,negative,keluarga ngefans kagum lihat  username nya dehtapi lihat anak nya yg jelekbuluk  username hermansyah  username kutuk yg timpa bunda kd untung allah swt ganti amora adik nyagemezzzzzzz lihat nya cocok banget anak artis class bunda kd
183,negative,emang dasar si anak nya aja yg lebayurusan pribadi umbarbiar blow up hadehhgunanya whatsapp sms or telp apasuka aneh
184,negative,coba liat bibir mu sayang pantat ayam wajah mu bulu kentut perfectoooo
185,negative,gagal fokus dengar suara koq jengkel ya dengernya sorry cuman manusia kalo jengkel
186,negative,muljem ngomong gak blepot gak nyadar idup enak aja pake rebut laki orang
187,negative,lucu ya si yg bikin kata2bawa2 tuhankalau dah pepet ga tau org yg rusak rumah tangga orgibarat roboh bangun masjid mbak nyabayangin aja nya dosa munasi dah jdi bubur mba nya moga bahagia dunia
188,negative,iyah bener rubah pandang tuhan elu setan mikirrrr suami majikan embat
189,negative,giling mulan jalang lg kasih ceramah hahahaha  dasar cireng gak tau gak ngaca si cireng lg ceramah sok2 kyk pahlawan siang biar teman ama ter kyk selpii
190,negative,ya pandang tuhan lo jelek sih gue rebut suami orang tuh mulia mata tuhan
191,negative,karna sejati kau setan wujud manusia karna kerja setan ya goda manusia
192,negative,ngga mba  username baca netizen yg nyesel ga bs nimpuk telor si mulangw aja ketawa baca krn wakil ya ngapain buang2 wktu ketemu orang gak mutu dng si mulanmsh untung nyempet2in bs nuli biar nyadar tuh pelakor ga harga mending ketemu org baik2 spt bunmaiketularan aura positif
193,negative,editanx paraaaahhoplas aj laaah nyai drpd ngedit2 gn hahaa kn maluuu
194,negative,jeleklecekbantet
195,negative,gin ken tenar ya ampuuunmalu kalo anak yah kasi
196,negative,heran gw mak  username knp aja pake ma anv pesbur ny bederet skandal bertubi2 gk malu ny  muka tembok  gak faedah ny nonton acara yg si manusia kardus
197,negative,wey org goblok bedain vape shisha sm rokok lo ngerokok pake acara ga ngaku
198,negative,jijik liatnyakaya ulet bulu kluget2 gituhihihiampe sgitunya ken kenal
199,negative,jablay anjir muka murah bangetttt najisss
200,negative,username alycia iya sist jijik banget gw liat sok suci ngatain orang kalo gw sih malu artis papan otak gak fikir kalo ngomong tau bngt gada wibawa kalo emang nyadar tau komentar manusia gada yg
201,positive,sabar yaa insya allah buka pintu syurga halang api neraka orang tua
202,positive,lagu baru mbak tata kisah rumah tangga mbak tata mbak tata bener2 sayang get suami syukur baik moga awet
203,positive,yg komen si mbak ga sedih ketawa2 ya iya klo dah sakit sm pasang smpe berlarut2 ngapain sih sedih ampe depresi serahin sm allah ajabawa happy aja mski sakit si mba senyum2 wajah tp hati tau senyum bs jd menetralisir kondisi hati yg lg puruk pepatah bilang  klo bahagia jgn trllu bahagia klo sedih jgn trllu sedih imbang aja biar ga gila
204,positive,suka banget pasang moga gigi raffi keluarga sakinnah mawaddah warrahmah moga pihak2 pisah jodoh maut pisah amiin
205,positive,jemima anak angkat celine eleeya anak hubung celine dirly haru tau jemima anak panti asuh rawat wajar stefen pilih celine karna hati
206,positive,lucu yg blg stefan menghabiskn muda wkwkumurnya mah gak muda muka aja yg baby face bersyukurbonus celinenya dlu mantan begimane bawah umur ude pacran mcam laki bini hiks lepas tu deh susah ambil putus kaya stefan tipical cowo yg tnggung jwabnya
207,positive,yg bawa2 keenan  raisa udah bahagia ngedapetin suami super ngemong mature kaya hamish raisa dewasa banding wanita umur mikirin jd gue raisa hamish sama2 untung pasang suami istri ga tuh gagal move on  so congratz raisa hamish moga nikah sakinah mawadah warahmah
208,positive,raisa cantik yaaa artis ga tonjol kalo nikah tuh mewah udah cantik sederhana sempurna bgt
209,positive,karna orang syudah cantik ga dandan heboh utk buat cantik makeup simple gitu aja pesona bikin hamish klepek2
210,positive,bagus cari ilmu mana suami orang didik
211,positive,sukak cewe cantik kmauan blajarnya
212,positive,yaampun artis bener bener good attitude layak panutan aja kuliah negri tp karna bakti suami  pilih kuliah wilayah suami  salut banget
213,positive,semangat batman  username va support karna manusia salah   tolong bahas pliis karna udah 2
214,positive,username y udh salam knl y mbk neng knl sm mbk sbagai manusia ingetiny sbagai manusia hrs tau jgn sombong yg digedein mentang2 dah jd artis hahay udh mbk cabut ja y dri komen d foto ni nnt jd korban dy sel
215,positive,keren yaaa sederhana pancar sukak sm keluarga presiden
216,positive,presiden embel gelar  bangga
217,positive,proud of you indonesia god bless indonesia
218,positive,amazing bngt miss national costume kereenn bangga ama budaya indonesia
219,positive,bangga pasti
220,positive,proud of you kak dea patut bangga
221,positive,suka bgt sm pidatox dy pembawaanx bgtu elegan n brwibawah pntas mmg dy mdptkansalut
222,positive,percaya kak nik orang jujur semangat kak nik hebat
223,positive,username m mba gua jg ga benci nikmir salut ama ga muna artis maaf image aja dpan sok sok aniaya n jual air mata nikita real sygnya msyarakat cendrung yg yg superfisial
224,positive,cantik alami bedak tebel gaya bak tante2
225,positive,cantik gagah mudah lancar dampe h
226,positive,cantik dongpenampilannya dewasa sesuai muka cantik indonesiaclassy ayu ayu gimana gitu
227,positive,lcb cantikk lcb untung dapet duren duren beuntung dpt neng lcb sakina mawaddah warahmah amin
228,positive,ganteng seragam ganteng panutan keluarga moga anak milik fisik elok mahluk allah ni
229,positive,untung banget deh mba  username dapet mas  username gantengbaiksholehsayang keluargaini suami idam bangetsemoga keluarga samawa
230,positive,smoga mas agus pimpin datangsalah pimpin yg sukses sukses dlm pimpin dlm rumah tangga
231,positive,dearbpk  username cra berpakain bpk cermin pribadi bpk yg sngt lembut tpi gagah moga bpk  username kel dlm lindung allah swt salam hormat dri yg kagum bpk -
232,positive,sukses kak ayu moga senantiasa naung allah swt sehat amin
233,positive,smg sehat umur yah nek muda banget cantik mashaallahhh
234,positive,terimakasih  username keluarga pilih plataran darmawangsa acara keluarga staff plataran darmawangsa kes tunggu datang keluarga sehat keluarga amin amin ya rabbi
235,positive,salam dirgantara terima kasih dukung sebar awareness kait program pesawat r80 moga momen emas titik bangkit industri pesawat terbang indonesia jaya eyang habibie yuk satu langkah terbang pesawat r80 langsung klik link bio yaaa
236,positive,semangat ya eyang habibie sehat dlm lindung allah ambisi kuat dlm kereeeennnnn moga bnyk penurus2 bangsa sprti eyang habibie
237,positive,milik cucu2 kebahagian yg nilai cucu sbg generasi terus bangsa
238,positive,wahhh kerenn tempat bagus nostalgia bersmaa keluarga
239,positive,cantik ganteng sehat bu ani keluarga
240,positive,barakallah cucu2 yg cantik ganteng  moga anak yg sholeh sholeha  bangga kelg
241,positive,bu  username cucu bikin hati gembirangangenikadang kangen ceria merekasalam kangen cucu2 cinta
242,positive,lucu ganteng parah gede pinternya ga ketulungan salam hormat bu
243,positive,terima kasih sby  ani yg tani beliau kontribusi yg indonesia 10 memimpinsemoga bahagia  sehat selaluamin
244,positive,caption ibudan kali baca captionnya langsung ajar bahasa inggris  terima kasih personal tdk kenal anie tp betapa bangga anak cucu didik generasi bangsa mandiri unggul  sehat  moga cinta kasih keluarga engkau tebar
245,positive,assalamualaikum hormat salam keluarga banda aceh bangga keluarga bahagia nya sikap etika perilaku keluarga sungguh bijaksana mas agus suami calon presiden beliau bangga salam hangat kenal keluarga ya bu darmanto rapi photo studio
246,positive,senang liat n bpk sby nikmat tua brsama cucu cinta  sehat trs ya memo n pepo  allah swt lindung memo n pepo n kel kisss
247,positive,semangat mebangun indonesia yg maju jokowi
248,positive,artis kualitas wajah itulohhh kualitas bgt hihi cantik bangetsss top deh ga pake drama gimick idupnya hihi tajir tp sederhana
249,positive,mba via sptnya siyok kejam dunia artis an mudah2an tetep sabar tetep karya dg
250,positive,suka viaorg nya jujur kaga gimmick2an hidupnyahitam ya hitamputih ya putihkl ngomong blak2ankl ngga suka dy ngomong jd ga pura2gw banget sihapa ga munafiksprti ajar ortu gwjangan suka senyum kepalsuanga kaya artis yg onoh noh yg mulut lebar kya gorong2tukang ngibulmunfik bgt kl wartawan jg jawabnyaperilaku ama omong ga balance
251,positive,go a head via cuekin aja udah gaul dunia kerja masyarakat gaul ertong yg gatel bin sirik klo liat orang sukses anggep aja kuman gak bikin status neng bahan ngetawain nggak
252,positive,gagah kali abang borisq klo gk bc nmx bner2 gk ngeh klo it bang bor
253,positive,weewww bangga kali ak liat bang  username pake baju adat karo syip
254,positive,bagus banget baju anti happy weding
255,positive,masyaallah  bagus banget
256,positive,gileee suaraaanyaa kereen parah sukak
257,positive,keren dr nyanyi asli
258,positive,kereeeeeeeeeeeeeeennn sampe merinding brrrrr
259,positive,yatuhan suaranyaaaaaaa bagus bangetttttttt
260,positive,keren suara super merdu coba audisi nyanyi bakat bs salur
261,positive,bagus drpd artis yg modal tampang doang pdhl suara jelek mending mas yg nyanyi emg dasar nasib org yak gk yg tau moga mas sukses
262,positive,dgrin sampe bulu kuduk saking bgusnya masyaallah apik bgt suara
263,positive,subhanallah getar hati dengar suara nya
264,positive,allah suara bagus banget cantik orang idam cowo
265,positive,bagusss suara tampil sesuai anak sekolah natural sesuai usia nya
266,positive,kerennnn suara bagus
267,positive,cantik polos liat bakat moga udah tenar gek selebgram ga kaya2 si mba novilda ya dek yg hilang arah tetap beginijangan cepat tumbuh dewasa asah bakat allah bless you both
268,positive,bagus iniii ga kaya yg pingin kenal rambut alus2in dlu muka makeup dl biar kamera keren hahaha kl bnr bnr liat lg lelah abis pulang sekolah
269,positive,ulang kali kali sampet gak percaya klo suara asli bagus bgt
270,positive,alhamdulillah kidz zaman niw yg karya wajar umur yg sok gede
271,positive,aduhh kerennnn suara enak  nge jazz2 gimanaa gtu  muka mah aja  ntr klo udh tenar muka ikut hahahahahaha  skill dlu nomer 1  batu abege jaman now
272,positive,kereeen nihenak bgt didengernyagak bosen puter ulang2daripada yg lipsing2 gajelas joget2 gtu
273,positive,waduuhhhkereeen bangeeet dedek2 emeesh
274,positive,klo sih yes bingitscoba ya seandaix anak2 video sprt gin video kreativ bagus dripda video mesumatau ngelem dll yg bau negativ bikin dosa maluin ortu
275,positive,bagussss  dandan natural ga permak kayak anak jaman now
276,positive,kereeeeennnn nyanyi santai banget
277,positive,polosssskerenga neko2 kayaknyajossss
278,positive,yesssssss  bagus bgt   kids jaman now yg yg diksh jempolllll
279,positive,wajah2 anak skul bgt yaakk mase alami bgt suka liat  lagu ma suara keren palg yg pake bando suara mantap
280,positive,keren suara dasar cantik tinggal poles dikit sinar
281,positive,bagi suara pas bngetpecah suara jg cakep
282,positive,keren bgt suaranyatinggal permak aja biar tmbh cantikviralkann
283,positive,kereeeennnnnn suaranyaaahh okkeehh ketjeeehh badaaiik ughllaaaallaa
284,positive,yes yes yeskirain lypsinc habis sih suaranyaeh pas dua2nya nyanyi bareng ngeh aslikereennn
285,positive,keren yg bakat ntar jg klo udah jd artis duit muka cemerlang
286,positive,keren min orang2 yg bakat kaya gin yg up publik
287,positive,kereeen bgt suara kyk gin kids jaman now
288,positive,mrinding bagus poll d jaga ya dek polos  jng smpek kyk si aw2 dkk
289,positive,kereenn sumpaah banget bagus
290,positive,ya ampun lakikny ganteng rini nya cantik mungil skrg
291,positive,suami swett liat syg bgt ma istri ganteng haaaaaaa  so swett smg langgeng sllu
292,positive,mbak rini hamil ya  selamat ya mbak moga kandung sehat aja  mbak rini  bahagia hamil  moga lancar proses salin
293,positive,kasi anak jgn sampek anak rusak jugak kek emaknya yaa
294,positive,kalo pasang cantik  ganteng suka deh liat
295,positive,hamil selamat ya mbak sandra moga hamil sehat  fit moga lancar prosesi salin udah calon nih
296,positive,ikut happysukakkk bgt sm nih couplesalah pasang sempurna gw
297,positive,lihat infotainment nikah wkt siap jelang nikah sandra dewi bilang klo calon suami ken banget cepat anak hbs meni krn suka anak sdh prepare program2 yg laku klo dlm wkt blm kasih anak but finallycongratssemoga lancar sehat trs sampe lahir
298,positive,keluarga ter-humble ter-sempurna ter-sederhana engga sok kaya ga pnah manja pake pesawat jet pribadi kayak yg
299,positive,bunda maia cantik moga slalu sukses sehat trs ya cantik wajah cantik hati
300,positive,artis yg gue kaguminn nikah muda ga neko2 syg keluarga syg suami utama anak2 ga puyeng ama dunia hibur artisann tajirrr mampuss plus ga alayy ga aneh2 salutt ama niaa smiga slalu samawa yaa nia and famzz
301,positive,username iya sih jujur fans nia aja pas tenar banget sinteronnya aja urus keluarga salut ama muda ya itungannya beda 2-3 t
302,positive,smnjk hbs nikah aura keluarr bgt suami jg kliatan syg nia nya kliatan gt tulusss sukak deh liat
303,positive,mngkin s mba nya marah2 krna ad kata2 yg ga enk dr yg komenwajar kl marahtoh it foto aj ko mba nya yg d bullysampe bawa2 fisik sgala ga bgus pinter2 mnyikapi medsos
304,positive,cantik banget yak anak cewe puyeng kali yak jagain nya
305,positive,username iya mba ariel gak ganteng ariel kharisma yg tarik udah tua skrang keriput wajah ttp aja kharisma nya lelaki liat pancar bukti mama tante tergila2 ariel sa
306,positive,manusia harga kalo tulis yg tulis guna sakit hati orang ya tulis guna sosmed smart ya guys
307,positive,kalo liat  username gaya apa ttp kliatan bagus suka lgu nya sukses trus kak
308,positive,bangat emasnyajadi salpok diemasnyatp sumpah lagu music nya keren bngatapalagi konsep mv nya ambil handelkan keren sayakalo denada taro kutang luar krn minim perestasitp kalo agnes wajarprestasi dunia fashion kalo artis indonesia unggulkrn berani gak cocok pake
309,positive,coba deh kritik2 bikin karya tau bagus kritik
310,positive,protes sihyang protes coba usaha dehjangan usaha pendek yabutuh go internationaljangan protesklau ken ya kaliam go international
311,positive,keren ga suka ma agnes tp suka ma lagu n jd suka jg ma y nyanyi santai lagu tp asyik
312,positive,bandingin lagu go internasional ngena gue seru enak didenger tumben agnes gak bumbu indonesia kaya batik gtu
313,positive,keren mba mba superman wkwkwk
314,positive,sumpah gua suka bgt lagu yg asik bgt dengernyaa
315,positive,enak banget mak lagu2 album suka yg inih sm beautiful mistake
316,positive,mantap gw suka bngt ama agneskarena dy artis yg talenta kaya dy ga pamer ky artis ygblaingw suka dy ga pamerkeren bngt
317,positive,enakk musik nyaa  lagi lhatt ka agnes nyaa dance kaya nyaa nyamaann enakk bgt tuh kayaa nyaa
318,positive,asik bgts dancenyaapa lg lagu mancappppp
319,positive,ganteng banget aura kenceng banget  diragukansemoga langgeng mami
320,positive,mami depe cantik banget awet muda ngga kalah sm nyanyi datang moga samawa  username
321,positive,ganteng yesss mami cuco deh babang moga langgeng ya unchhh lope mami
322,positive,mbak dewi sabar keliahatannya keren moga langgeng
323,positive,pasang hidup ijk salut sih mami depe ga matre n neko2 yg single n cocok doi ajak rit ga kyk tetangga sblh saking matrenya suami org embat jg
324,positive,duda singgel ngak yg laki jaman setia tani dunia akhirat amin good luck dewi persil sehat slalu dlm karya
325,positive,muantepp gantengselamat tempuh hidup mg langgeng rumah tanggax bhagia n selladem ayem
326,positive,mb depe langgeng yo karo masnymb ibu ngefans bgt sm mb depe dri mb sm mas saiful dlu smpe2 blng jdi pembntuny gapapala ktnypgn bgt ktmu mb depe ibu dijambi mb
327,positive,dengar 2 yg sakit hati tenang jalanin aja pilih andah bahagia hati maju trus sukses pasang mu
328,positive,cakepganteng pacar dewi persikudah aja jgn ganti lg yaa dewi
329,positive,untung bella orang2 fokus ama komen laki coba kalo ngga model baju diceramahin ama netizen
330,positive,pasang suami istri yg normal romantisme istri yg tau ga umbar tp jaga yg suka umbar mesra iti banyak tutup nyata yg
331,positive,naksir ama cewek kyanya lembut banget kya bolu
332,positive,cewex cntik cowox mmmmhh hehe
333,positive,cewenya cantikk the power of tajir
334,positive,alhamdulillah ganteng babang emran ya  username
335,positive,alhamdulillah  username gak yg engku emran masyaallah ganteng anteng sabar sholeh nyanyang senyum cute baper dech
336,positive,cantik manis cewe nya  cocok aja
337,positive,cewenya manis cakep yg skrg dr yg kmrn ga jd
338,positive,yg lbh cantik sih hebat jg ni lakik ciwik nya cakep2 lho
339,positive,moga klo sma yg mhklo bella mh udah dapet yg pas
340,positive,moga ga putus ya ka bella udah bahagia banget tuh ga malu
341,positive,yaampun cantiikk bangett asli angguunn
342,positive,username euum tuju sekaliii emang cantik wow  baik  pelihara hehe
343,positive,cantiik senyum maudy kusnaedi
344,positive,kisah jevin radhini rini gue jd ajar 1 jodoh jalan gue ngikutin dr gue nonton pas live the remix jevin ngomong itu pacar nonton nunjuk radhini gue jg nntn pas jevin luk radhini erat bgt backstage stlh lolos final liat jevin anak gentle tulus sayang allah maha pembolak-balik hati mei 15 jevin radhini pcrn sept 15 jevin rini dipasangin the remix des 15 final the remix jan 16 jevin radhini putus feb 16 jevin rini pcrn april 16 jevin ngelamar rini feb 17 jevin rini tunang mei 17 jevin rini nikah allah works in many ways allah s plan is better than our plan jevin yg dulunya berfikiran nikah umur 30 sangka umur 25 dlm pcrn 2 udah ngajakin anak orang nikah ah happy wedding soundwave bahagia
345,positive,arti jodohini bilang jodohcantik lahir batin kl ga jodoh pisah baik
346,positive,pingkan ni suara enak banget bindeng2 gimana gt cir khas gw merem denger suara gw udh langsung tauk
347,positive,hati buat ya  mbaa gigi hati luarbiasanya ajah sampe benci  cobaa sebutin heternya mbaa salah mba gigi laku  duhh ajah sukak sifatnyaaaaaaaaaaa
348,positive,suka banget banget nih ni artis gak neko neko lahir 1996
349,positive,alhamdulillahhh ngepost ayangnya ibel biarin deh damai isi dunia masing2 sdh pasang engga lg bilang ibel pho happy bday ibel
350,positive,kakak murid2ku msh ngajar sekolah internasional mihil anak cantik2 si bpk ramah bngt sepupu sekolah yg yg uang masuk aja 70 jtan lbh siswa g tau skrg brp
351,positive,username ka bella sholehah hasil cantik allah kasih jodoh
352,positive,mbak bela nikah dasar dasar agama mbak yg utama ya biar laki2nya dpt yg laki2 yg kaya raya yg nikahin mbak
353,positive,duh geulis kitu tinggal yg itu duuuhhhh hahaha jodoh allah kasih yg teeeh
354,positive,bu ameeel udah ga bankkangen bu amel yg cantikramahbaik ama kangen tenteng hihiii  nanya si mba bu amelnya pindah rumah lg hamil sehat2 yaa bu amelsalam annabel
355,positive,ambil positif aja mbak oma nan jalan mbak bilang gimana nggak oma langsung cerai udah pilih hidup gimana doa moga langgeng meni ibadah heheu  username
356,positive,alesha arti nama  lindung allahaamiin yra ya nak
357,positive,moga anak nya bsok pas bangun langsung jd dewasa biar jodoh gede ntar cakep kek kakak fahri
358,positive,min mnta doa jg mudah lancar selamat lahir mei aamiin
359,positive,waaah hamil cantik cew kali yeee debay nya
360,positive,mba acha cantik banget banget banget  calon yg blm d kasih momong sm allah smoga segera ya
361,positive,gemulai nya momo bak putri keraton jawa moga satu lama nya maut yg pisah kan gbu
362,positive,asa kaya manggung kk  username  moga lancar cepat momong biar princess momo gak prince
363,positive,waaahhh sm dokter sigit ya dokter the best banget banget humble orgnya recomend banget yg program hamil
364,positive,ashanti bunda the best slalu bain support anak mskipun bkn ank kndung
365,positive,smua orng hak apa yg suka g mrugikan ornglain aurel dandan natural hak aurel pinter banget dandan kliatan cantiiik banget
366,positive,untung si aurel dpt sambung kaya ashanti   username
367,positive,salut ma bunda  username  mskipun sambung tpi sellu jdi org yg plingbdpan mmbela aurel n azriel dri pra hatters
368,positive,keren ya ashanty segitu sayang anak nyapadahal anak kandung kandung aja blm orang hati kek bidadari tv tv untung banget aurel azriel tiri
369,positive,salut bunda  username slalu yg trdpan lindung ankyhmngalahin kandung sndri yg cma diam ajjbt aurel pa yg slah pd dya jga manusia cipta allah klau dya lbh sgla yh dri yg suka nyinyiir mslh pnampilan brarti dh nasib tuuh orang g bsa sprti aurel yg lbh baek n bgs dri yg nyinyiiir
370,positive,tiri hebat ntr paling klo dah 20an awat skrg msh muda kasi klo paksa awat cm ya tutup mata tutup kuping skrg mah
371,positive,username aurel cantik tau liat asli nya org sirik yg jelek jelek muka tente cantik muda aurel aurel foto nampak putib bilang suntik putih hitam bilang gk ra
372,positive,username astagfirullah mbak tolong ucap jaga ya allah cipta manusia sempurna mbak ngomongnya kayak gitu aurel cantik wajar manusia kurang mbak ashanti wajar bain anak caper ya mbak sia
373,positive,aurel perempuan hebat bgt jadi zaman pipi mimi ny  depan mata ga anak bs strong kyk yg nyinyir iri krn aurel bs keluarga bahagia kyk skrg yg blg bunda ash lebay blm anak hati2 sayangkm jg perempuan jd bayangin anak yg jd korban bully
374,positive,ganteng klo ga salah managernya moga d lancar yaa
375,positive,muka insya allah jodoh dunia akhirat mbk  username amiiii
376,positive,cantik banggeett ya kak depe  gk liat loh klo dy nikah msh gadis wajah nya cantik  moga lancar h kak depe bahagia dunia akhirat aammiinnn
377,positive,dadddd  moga dateng yaaa  papa luar moga sehat  saksi anak meni aamiin
378,positive,moga lancar nikah ayah lekas temu sehat apa
379,positive,moga aja nikah lancar y mb jgn larut sedih kl tiri gak yg kandung sj alas anak kandung larang sj udah balik istri pertama kl sibapak berrti cerita yaa
380,positive,yea polisi pinter hahahaha langsung belok sim nembak gatau rambu2 surat perintah yaelah lu pikir rumah lu geledah
381,positive,nikah baguass deh smoga kelak jd kluarga yg samawa
382,positive,lucu suara kak abbey cantik kayak orang nya  haru
383,positive,ketemu mba artika sari disesemall jakartaampunnn ayuneemana semampaimurah senyummmcakep pis
384,positive,bener pepatah yess buah jatuh gak pohon nya cantik nya dapet mama suara bagus pinter nyanyi darah seni papa nya calon generasi hebat
385,positive,bahagia anak cantik bakat syukur bnr titip indah
386,positive,moga sehat rezeki yg berlimpaah
387,positive,moga sehat murah rejekinya ya
388,positive,pria setia kerja keras tdk malu pilih cari nafkah kebalikanbeda bgt kenal mentang2 ganteng milih nganggur ketimbang jd ojol udh gitu istri diselingkuhin kalo mau
389,positive,doa istri anak serta bang lelaki yg tanggung karna kalo laki2 tanggung otomatis sayang dgn anak istri beda dgn sayang yg tanggung
390,positive,ya allah bahagia gak dgn yg mewah sederhana aj deh bahagia komunikasi dgn keluarga
391,positive,cari rejeki utk keluarga yg tdk kenan tolong keras
392,positive,salut banting tulang hidup keluargayg duduk bangku empukpakai ac merampokyg milih rakyat jelata
393,positive,amin smg lancar n mudah rejeki nya jd inget suami sy jg gojek srg nlp nanyain anak istri nya udah mkn blm pdhl mgkn sempet mkn ngga hujan2an n panas2an tp ga penh keluh sempat komunikasi n ttp keep in touch sela2 sibuk bangga n ttp juang y ms gojek krn anak n istri doa yg baik
394,positive,respect istri n anak2 nya yg tunggu sabar rumah insya allah allah swt jaga nya
395,positive,laki beneran juang unt anak istri bahagia istri insyaallah dunia rejeki yg ga sangka akherat surga kelak amiin
396,positive,bangga suami yg istri sela apa profesi kau juara sehat gojek moga lacar rejekimu amiiin
397,positive,apaoun kerja yg halal u tuk nafkah keluarga  semangat
398,positive,gojek mayoritas pegangguran gak kerja trus putus asaa tibatiba lapang kerja gak pake ijasah sungguh lapang kerja bantu
399,positive,username asli cantik ayu loh mbak krn temu langsung sembak ramah sombong mantan2 yg hhe maaf nimbrung kalo makeup natural krn sembak tonjol wa
400,positive,username suami umur mba tua alhamdulillah suami gak kekanak kana hehe
